name,address,lat,lon
コメリ栃尾店,新潟県長岡市新栄町2-4-23,37.489344,138.997791
カメラのキタムラ長岡/希望が丘店店舗前,新潟県長岡市希望が丘4丁目1239-2,37.44878,138.81357
カメラのキタムラ新潟/とやの店駐車場内,新潟県新潟市中央区堀之内42-1,37.905273,139.049518
カメラのキタムラ新発田/舟入店店舗前,新潟県新発田市舟入町3-8-25,37.9589,139.305166
コモタウンPIO21,新潟県新発田市舟入町3-6-20,37.956968,139.304106
イチコスーパー高田西店,新潟県上越市大字飯747,37.122172,138.231731
ドラッグトップス河渡店,新潟県新潟市東区河渡庚135-1,37.931398,139.10088
ドラッグトップス新通店,新潟県新潟市西区新通1057番地,37.860257,138.949521
ドラッグトップス村松店,新潟県五泉市村松1360,37.699318,139.174459
県央サティ2号機,新潟県燕市井土巻3-65,37.650688,138.936309
ホームセンタームサシ佐和田店,新潟県佐渡市長木字腰前783,37.992761,138.330736
新発田市役所EFR,新潟県新発田市中央町4-10-4,37.950865,139.3279
イオン新潟東店(1号機),新潟県新潟市東区大形本町3-1-2,37.924776,139.114647
イオン村上東店,新潟県村上市大字仲間町200イオン村上東,38.221281,139.4922
ベイシア小千谷,新潟県小千谷市三仏生字上林3489-2,37.331966,138.811554
イチコスーパー新井店,新潟県妙高市大字石塚1-505,37.031666,138.250245
ドラッグトップス粟山店,新潟県新潟市東区粟山4-33-2,37.899279,139.102675
イオン六日町店,新潟県南魚沼市余川3100,37.081244,138.878533
イオン新潟東店(2号機),新潟県新潟市東区大形本町3-1-2,37.924776,139.114647
カメラのキタムラ上越/イオン上越店(1号機),新潟県上越市富岡3457イオン上越店内1階,37.152914,138.258481
カメラのキタムラ三条ピア店,新潟県三条市須頃3-13,37.648769,138.941279
ドラッグトップス葛塚,新潟県新潟市北区太田字法花鳥屋5804-1,37.920801,139.222308
新潟大学生協,新潟県新潟市西区五十嵐2の町8050,37.867369,138.939906
ヨドバシカメラマルチメディア新潟駅前店,新潟県新潟市中央区弁天1-2-6ヨドバシ新潟ビル,37.913018,139.059502
マックススーパーセンター五泉店,新潟県五泉市太田新田925,37.743526,139.18927
アテーナ新津店,新潟県新潟市秋葉区新津4570-3,37.791896,139.109605
ブックコスモス,新潟県上越市北城町3-5-8,37.118386,138.253588
コメリ北長岡店,新潟県長岡市豊1-608,37.458071,138.869135
カインズスーパーセンター新潟豊栄店,新潟県新潟市北区かぶとやま2-1-62,37.928933,139.218687
スーパー原信四日町店,新潟県三条市南四日町4-4-7よっかまちSC内,37.618578,138.955009
コメリ三条生活館,新潟県三条市大字下須頃字歩710,37.635913,138.944977
ファミリーマート新潟内野山手店,新潟県新潟市西区内野山手1-11-27,37.861488,138.936283
カメラのキタムラ上越/直江津店,新潟県上越市新光町3-2-14,37.157521,138.238202
カメラのキタムラ新潟/上木戸店,新潟県新潟市東区上木戸1-4-16,37.924732,139.103587
イオンモール新潟南店,新潟県新潟市江南区下早通柳田1-1-1イオンモール新潟南1F,37.876448,139.081275
上越モール,新潟県上越市とよば239-1,37.102587,138.276901
戸田書店長岡店,新潟県長岡市堺町浦田33-1,37.462469,138.810486
カメラのキタムラ新津店,新潟県新潟市秋葉区程島1926-8,37.786148,139.113842
カメラのキタムラ柏崎/柏崎店店舗前,新潟県柏崎市北半田1-1-25,37.364771,138.571826
イオン下門前店,新潟県上越市下門前1871,37.158456,138.252745
イオン上越寺店,新潟県上越市寺158-1,37.128207,138.263107
ドラッグトップス空港通り店,新潟県新潟市東区浜谷町2丁目4ー18,37.946659,139.096413
NEXT21,新潟県新潟市中央区西堀通六番町866,37.922588,139.04313
カメラのキタムラ十日町/イオン十日町店,新潟県十日町市字川端丑784イオン十日町店内,37.138427,138.745602
安田ショッピングセンターウインディ,新潟県阿賀野市保田中道3095,37.784428,139.261285
イチコスーパー直江津西,新潟県上越市五智1丁目14-35,37.16854,138.236068
新潟サティ,新潟県新潟市西区小新南2-1-10,37.869885,138.994929
デッキー401,新潟県新潟市中央区上近江4-12-20,37.898538,139.029625
札幌市営地下鉄南郷7丁目駅,北海道札幌市白石区南郷通7丁目南,43.039383,141.41017
札幌市営地下鉄南北線幌平橋駅,北海道札幌市中央区南15条西4丁目,43.040254,141.355068
札幌市営地下鉄豊水すすきの駅,北海道札幌市中央区南6条西2丁目,43.053587,141.3563
コープさっぽろ星置店,北海道札幌市手稲区星置1条3-2-2,43.133315,141.210067
文教堂西野3条店,北海道札幌市西区西野3条4-8,43.074938,141.277866
札幌市営地下鉄新道東駅,北海道札幌市東区北34条東16丁目,43.105197,141.369862
札幌市営地下鉄東区役所前駅,北海道札幌市東区北13条東8丁目,43.078743,141.364826
イエローグローブ芦別店,北海道芦別市本町43-1,43.514207,142.202262
フクハラるる店,北海道広尾郡広尾町丸山通北2丁目14ショッピングセンター,42.29438,143.308399
ヨドバシカメラマルチメディア札幌店,北海道札幌市北区北六条西5丁目1-22,43.068341,141.347801
カメラのキタムラ札幌・イオンモール札幌平岡店,北海道札幌市清田区平岡3条5-3-1イオンモール札幌平岡1F,42.996527,141.450618
札幌市役所地下1F売店,北海道札幌市中央区北一条西2丁目市役所本庁舎B1F,43.073034,141.347658
カメラのキタムラ函館白鳥店,北海道函館市田家町16-34,41.796674,140.743251
カメラのキタムラ旭川・神楽店,北海道旭川市神楽4条5丁目1-26,43.759976,142.347294
ファミリーマート千歳末広2丁目,北海道千歳市末広2丁目1-15,42.828333,141.654601
北星学園生協,北海道札幌市厚別区大谷地西2-3-1,43.024841,141.44743
カメラのキタムラ札幌/イオン苫小牧店B,北海道苫小牧市柳町3丁目1-20,42.656405,141.642478
札幌学院大学生活協同組合,北海道江別市分京台11,43.069994,141.502156
イオンモール札幌発寒,北海道札幌市西区発寒8条12-1-1,43.096062,141.277576
北海道大学生活協同組合生協会館店,北海道札幌市北区北8条西市7,43.066591,141.334509
イオンモール旭川西,北海道旭川市緑町23丁目2161-3,43.793996,142.325864
フクハラ公立大前店,北海道釧路市文苑4-1-6,43.018936,144.393007
カメラのキタムラ札幌/イオン苫小牧店A,北海道苫小牧市柳町3丁目1-20,42.656405,141.642478
ビッグハウス野幌店,北海道江別市東野幌本町35-2,43.088128,141.533495
室蘭工業大学生活協同組合,北海道室蘭市水元町36-8,42.378117,141.035189
カメラのキタムラ江別・弥生店,北海道江別市弥生町1丁目1番8,43.106166,141.544114
株式会社北見メッセ,北海道北見市中央三輪5丁目423番地5,43.796787,143.856317
スーパーアークス港町店,北海道函館市港町1-2-1,41.801123,140.720635
カメラのキタムラ札幌/イオンモール札幌平岡店,北海道札幌市清田区平岡3条5-276-1イオンモール札幌平岡内,42.995887,141.456372
カメラのキタムラ釧路店A,北海道釧路郡釧路町睦1-1-1,0.0,0.0
ビッグハウス岩見沢店,北海道岩見沢市大和一条9-1-1,43.189079,141.734642
ジョイフルエーケー屯田店,北海道札幌市北区屯田8条5-5-1,43.140551,141.336707
コープさっぽろいしかり店,北海道石狩市花川北3条3丁目9-2,43.161884,141.312657
カメラのキタムラ羊ケ丘通り店,北海道札幌市豊平区西岡4条3-6-31,43.016632,141.390932
登別中央ショッピングセンターアーニス,北海道登別市中央町4-11,42.411281,141.104785
札幌市営地下鉄北34条駅,北海道札幌市北区北33条西4丁目,43.100219,141.341237
コメリパワー苫小牧東,北海道苫小牧市新開町2丁目2番3号,42.663043,141.654874
コメリパワー帯広南本館,北海道帯広市清流東2丁目12番地6,42.875339,143.195194
札幌市営地下鉄月寒中央駅,北海道札幌市豊平区月寒中央通7丁目,43.030756,141.395852
コメリパワー砂川,北海道砂川市空知太東一条2丁目1番1号,43.528199,141.919126
松岡ビル,北海道札幌市北区太平12条1-1-1,43.139598,141.349781
札幌市営地下鉄南北線南平岸駅,北海道札幌市豊平区平岸4条13丁目,43.026652,141.373693
サンドラッグ北41条,北海道札幌市東区北41条東9丁目3番1号,43.111455,141.358746
フードD生鮮市場沼ノ端,北海道苫小牧市沼ノ端230-132,42.676691,141.701108
シーナシーナ琴似店2FJR通路側,北海道札幌市西区琴似2条1丁目4-1,43.080308,141.306212
アリオ札幌1Fエントツ広場側入口付近,北海道札幌市東区北7条東9-2-20,43.071167,141.371037
カメラのキタムラ北見・本町店,北海道北見市本町3丁目2-10,43.800211,143.885122
酪農学園生活協同組合,北海道江別市文京台緑町569-47,43.073356,141.508347
フードD生鮮市場美しが丘店,北海道札幌市清田区美しが丘四条6丁目1-1,42.97889,141.455901
サンドラッグ発寒6条,北海道札幌市西区発寒6条9丁目17-40,43.088443,141.280477
キタムラ七戸/イオン七戸SC,青森県上北郡七戸町荒熊内67-990,40.717776,141.154414
ジョイム緑町店,青森県三沢市緑町3-33,40.685006,141.377347
スーパーセンタートライアル八戸,青森県八戸市大字糖塚字狐塚18-1,40.510853,141.49786
マックスバリュ幸畑,青森県青森市幸畑3-1-8,40.781305,140.783702
コメリ青森階上,青森県三戸郡階上町大字道仏字天当平1番地123,40.451344,141.619407
よこまちストア旭ヶ丘店,青森県八戸市新井田字小久保尻16-4,40.498762,141.541956
八戸市役所本館1階市民ホール,青森県八戸市内丸1-1-1,40.513964,141.48892
イオン青森,青森県青森市緑3-9-2,40.806401,140.752776
イオン藤崎,青森県南津軽郡藤崎町大字西豊田1-7-1,40.656768,140.502144
イオン八戸田向,青森県八戸市大字田向字毘沙門平27-1,40.505629,141.496524
ファミリーマート八戸根城二丁目,青森県八戸市根城2-26-10,40.501917,141.475666
マックスバリュ十和田南店,青森県十和田市大字相坂字小林21,40.599207,141.227805
かんぶん階上店,青森県三戸郡階上町大字道仏字耳ケ吠43-335,40.45332,141.619861
かんぶん三戸店,青森県三戸郡南部町大字大向字後構20-3,40.40228,141.26669
かんぶん野辺地店,青森県上北郡野辺地町字上川原3-1,40.855558,141.127643
よこまちストア一番町店,青森県八戸市大字尻内町字八百刈27,40.508629,141.438012
アンエイム東京堂,青森県むつ市中央2-7-1,41.286562,141.185183
ハッピードラッグ青森鰺ヶ沢店,青森県西津軽郡鰺ヶ沢町大字舞戸町字下冨田58-1,40.761512,140.22333
ハッピードラッグ十和田西金崎,青森県十和田市西二十三番町60-19,40.604311,141.194576
ハッピードラッグむつとまぶモール店,青森県むつ市金曲1丁目2-4,41.28598,141.210719
イオンモール下田A,青森県上北郡おいらせ町中野平40-1イオン下田SC1階,40.601426,141.418891
イオンモールつがる柏A,青森県つがる市柏稲盛幾世41イオン柏SC2階,40.80263,140.416625
イオンタウン浪岡,青森県青森市浪岡大字浪岡字松嶋15イオンタウン浪岡,40.722608,140.595714
マックスバリュ板柳店,青森県北津軽郡板柳町大字灰沼字東267-1,40.706124,140.4554
イオンモール下田B,青森県上北郡おいらせ町中野平40-1イオン下田SC1階,40.601426,141.418891
サンデー弘前店,青森県弘前市大字八幡町3-1-5,40.615218,140.483637
サンデー弘前安原店,青森県弘前市大字大清水字上広野38-4,40.578312,140.496131
成田本店つくだ店,青森県青森市中佃3-7-11,40.817109,140.786091
マックスバリュ平内店,青森県東津軽郡平内町大字小湊字外ノ沢40番地,40.920967,140.946864
ファミリーマート青森新田一丁目店,青森県青森市新田一丁目150-1,40.841364,140.717215
イオンタウン青森浜田,青森県青森市浜田玉川196-10,40.798337,140.758651
サンロード青森,青森県青森市緑3-9-2,40.806401,140.752776
ファミリーマート黒石追子野木一丁目,青森県黒石市追子野木1-182-1,40.633971,140.597316
イオンタウン弘前樋の口,青森県弘前市大字樋の口2-9-6,40.60244,140.44401
ファミリーマート八戸青葉二丁目店,青森県八戸市青葉2-21-6,40.514908,141.514949
ELMエルムの街ショッピングセンター,青森県五所川原市大字唐笠柳字藤巻517-1,40.800385,140.453245
ファミリーマート青森青大前店,青森県青森市大字大矢沢字里見125番地1,40.784504,140.778982
青森市役所(駅前庁舎),青森県青森市新町1-3-7,40.827105,140.735681
カメラのキタムラ弘前/青山店,青森県弘前市大字青山4-19-3,40.626919,140.482551
カメラのキタムラ弘前/高田店,青森県弘前市大字高田3-1-3,40.597182,140.50516
イオンモールつがる柏B,青森県つがる市柏稲盛幾世41イオン柏SC2階,40.80263,140.416625
カメラのキタムラ八戸/城下店,青森県八戸市城下4-20-27,40.518624,141.496539
カメラのキタムラ青森/青葉店,青森県青森市青葉2-3-2,40.805319,140.749057
セプ・ドール沼館店,青森県八戸市沼館1-7-122,40.524922,141.493254
ホームセンターかんぶんおいらせ,青森県上北郡おいらせ町牛込平91-1,40.602333,141.438546
イオンモールつがる柏,青森県つがる市柏稲盛幾代41,40.80223,140.416916
ツルハドラッグ弘前外崎,青森県弘前市大字外崎3丁目5-1,40.596412,140.498598
ツルハドラッグ浪岡,青森県青森市浪岡大字杉沢井ノ下126-2,40.720514,140.589399
ツルハドラッグ青森富田,青森県青森市富田3丁目9-1,40.83256,140.711732
マックスバリュ新おおわに店,青森県南津軽郡大鰐町大字大鰐字前田27,40.523355,140.56704
かんぶん岩手町店,岩手県岩手郡岩手町大字五日市第11地割字上苗代沢123-1,39.582272,141.213332
かんぶん二戸店,岩手県二戸市堀野字長地75-4,40.292859,141.298175
コインランドリーあらいぐま,岩手県宮古市小山田2-4-17,39.633248,141.94107
カメラのキタムラ水沢・佐倉河店,岩手県奥州市水沢区佐倉河字川原田110-1,39.144962,141.149318
いわて生協マリンコープDORA,岩手県宮古市小山田2-2-1,39.632331,141.942174
ジョイス三関店,岩手県一関市三関字神田162-1,38.924862,141.145803
イオンタウン/カメラのキタムラNET紫波店,岩手県紫波郡紫波町北日詰字東ノ坊28,39.536458,141.16282
ファミリーマート盛岡西青山二丁目店,岩手県盛岡市西青山2-1-13,39.726313,141.110545
イオン江釣子,岩手県北上市鬼柳19-68,39.293221,141.092748
SSMサンエー,岩手県奥州市江刺区西大通り7-2,39.196111,141.1725
ファミリーマート高田竹駒十日市場,岩手県陸前高田市竹駒町字十日市場243-1,39.033375,141.61229
スーパーマーケットマルイチみたけ店,岩手県盛岡市みたけ2-12-22,39.745365,141.125038
マックスバリュ石鳥谷,岩手県花巻市石鳥谷町八幡第3地割9-1,39.48252,141.147111
イオン前沢店,岩手県奥州市前沢区向田2-85,39.050094,141.130763
ファミリーマート北上大堤公園,岩手県北上市相去町葛西5-16,39.248953,141.076913
ファミリーマート盛岡厨川四丁目,岩手県盛岡市厨川4-9-1,39.750087,141.129547
イオンスーパーセンター盛岡渋民店,岩手県盛岡市玉山区渋民字鶴飼20-1,39.850369,141.172803
GAONE,岩手県盛岡市緑が丘4-9-35,39.737568,141.143687
ファミリーマート盛岡館向,岩手県盛岡市館向町3-9,39.717018,141.131125
マイヤ滝沢店,岩手県滝沢市鵜飼狐洞316,39.739731,141.084813
サンデー大船渡店,岩手県大船渡市赤崎町字諏訪前38-7,39.086028,141.7184
ビックハウス上盛岡店,岩手県盛岡市北山1-9-20,39.712262,141.149556
スーパーマーケットマルイチ中ノ橋通店,岩手県盛岡市中ノ橋通2-7-38,39.697939,141.161317
マックスバリュ盛岡駅前北通,岩手県盛岡市盛岡駅前北通11-1,39.706194,141.133102
ファミリーマート金ケ崎三ケ尻店,岩手県胆沢郡金ケ崎町三ケ尻字荒巻138-1,39.217497,141.101443
マックスバリュ北上店,岩手県北上市里分4地割77,39.294155,141.134926
イオンスーパーセンター一関店,岩手県一関市狐禅寺字石ノ瀬11-1,38.939781,141.153693
マックスバリュ花巻店,岩手県花巻市中根子字堂前55マックスバリュ花巻店内,39.381627,141.094053
いわて生協ベルフ青山店,岩手県盛岡市青山4-17-2,39.729298,141.114596
サンリアショッピングセンター,岩手県大船渡市盛町字町10-11,39.087764,141.709313
イオン一関,岩手県一関市山目字泥田89-1,38.936797,141.11281
イオン盛岡南,岩手県盛岡市本宮七丁目1番1号,39.683167,141.127479
ツルハドラッグ花巻石鳥谷,岩手県花巻市石鳥谷町八幡第4地割53番2,39.484785,141.148571
サンデー釜石店,岩手県釜石市上中島町3-1-1,39.266764,141.852311
ツルハドラッグ水沢大鐘,岩手県奥州市水沢区南大鐘1丁目85,39.136863,141.141292
ツルハドラッグ水沢台町,岩手県奥州市水沢区台町6-6,39.127068,141.146629
ファミリーマートフレンドボックス花泉店,岩手県一関市花泉町涌津字二ツ檀7-1,38.825966,141.183685
ツルハドラッグ滝沢室小路,岩手県滝沢市室小路672-18,39.735354,141.100624
ツルハドラッグ大船渡笹崎,岩手県大船渡市大船渡町字笹崎132-1,39.057834,141.719582
かんぶん一戸店,岩手県二戸郡一戸町一戸字砂森123-1,40.210675,141.304921
ツルハドラッグ盛岡津志田西,岩手県盛岡市津志田西2丁目2番15号,39.665358,141.15075
ツルハドラッグ高田アップルロード,岩手県陸前高田市米崎町字西風道241-1,39.010599,141.674219
ツルハドラッグ盛岡大館町,岩手県盛岡市大館町18番3号,39.713879,141.110704
ツルハドラッグ盛岡南仙北,岩手県盛岡市南仙北1丁目21番39号,39.678775,141.153259
ファミリーマート盛岡アイーナ店,岩手県盛岡市盛岡駅西通1-7-1,39.702187,141.133167
盛岡南ショッピングセンターサンサ,岩手県盛岡市津志田西2-15-5,39.663971,141.148244
カメラのキタムラ北上店,岩手県北上市柳原1-144-1,39.292507,141.11215
ウエルシア水沢大畑,岩手県奥州市水沢大畑小路31,39.1398,141.137572
マイヤ仙北店,岩手県盛岡市西仙北1-38-30,39.685669,141.147253
ウエルシア花巻南川原,岩手県花巻市南川原町126-1,39.383475,141.116873
カメラのキタムラ多賀城/イオン多賀城店,宮城県多賀城市町前4-1-1イオン多賀城店内,38.282245,141.005274
ファミリーマート元吉バイパス,宮城県気仙沼市本吉町津谷長根106-1,38.791868,141.517571
ファミリーマート六丁目左近掘店,宮城県仙台市若林区六丁目字左近堀16-6,38.24645,140.946119
ファミリーマート宮千代三丁目,宮城県仙台市宮城野区宮千代3-9-22,38.255133,140.917759
宮脇書店気仙沼,宮城県気仙沼市仲町2丁目1-30-1,38.897713,141.578415
丸江岩ヶ崎店,宮城県栗原市栗駒岩ケ崎神南47,38.831174,140.999916
ファミリーマート仙台国見ケ丘店,宮城県仙台市青葉区国見ケ丘5-1-10,38.283291,140.831842
イトーチェーンマルコ店,宮城県柴田郡柴田町槻木下町1-4-38,38.081572,140.814417
ファミリーマート小野田神山西店,宮城県加美郡加美町字神山西19-3,38.571792,140.787284
ファミリーマート西多賀一丁目店,宮城県仙台市太白区西多賀1-15-25,38.223195,140.859398
ヨークベニマル登米中田,宮城県登米市中田町石森字野元12,38.704545,141.224223
ヨークベニマル仙台西の平店,宮城県仙台市太白区西の平2-35-1,38.23118,140.853831
イオンタウン金成,宮城県栗原市金成小迫荒崎22,38.804088,141.06781
みやぎ生活協同組合台原店,宮城県仙台市青葉区台原5-1-2,38.282234,140.877238
ファミリーマート上杉一丁目店,宮城県仙台市青葉区上杉1-7-30,38.270924,140.870666
ファミリーマート免許センター前,宮城県仙台市泉区市名坂字竹内105-8,38.312671,140.910093
ファミリーマート仙台大和町店,宮城県仙台市若林区大和町3-3-1,38.248183,140.92019
ファミリーマート仙台花京院店,宮城県仙台市青葉区花京院1-5-10,38.264583,140.882965
ファミリーマート宮町四丁目店,宮城県仙台市青葉区宮町4-6-21,38.276114,140.884394
仙台市泉区役所,宮城県仙台市泉区泉中央2-1-1,38.326398,140.88064
tekuteながまち,宮城県仙台市太白区長町5-1-30,38.227762,140.885661
カメラのキタムラ仙台/イオン仙台幸町店A,宮城県仙台市宮城野区幸町5-10-1,38.273561,140.90279
カメラのキタムラ仙台/イオン仙台幸町店B,宮城県仙台市宮城野区幸町5-10-1,38.273561,140.90279
イオン仙台中山店B,宮城県仙台市泉区南中山1-35-40イオン仙台中山店ライフ館,38.298299,140.827031
カメラのキタムラ富谷/イオンモール富谷店B,宮城県富谷市大清水1-33-1,38.364722,140.875124
カメラのキタムラ大崎/古川店,宮城県大崎市古川駅南3-14-4,38.566222,140.970477
カメラのキタムラ仙台/イオンスーパーセンター鈎取店A,宮城県仙台市太白区鈎取本町1-21-1,38.219614,140.837674
カメラのキタムラ仙台/イオンスーパーセンター鈎取店B,宮城県仙台市太白区鈎取本町1-21-1,38.219614,140.837674
ファミリーマート二の森店,宮城県仙台市宮城野区幸町1-22-3,38.277827,140.89724
カメラのキタムラ仙台/泉店,宮城県仙台市泉区高玉町4-9,38.317567,140.895487
イオン仙台中山店A,宮城県仙台市泉区南中山1-35-40イオン仙台中山店本館,38.297871,140.827208
カメラのキタムラ石巻/蛇田店,宮城県石巻市恵み野1-3-9,38.447169,141.273789
ファミリーマート卸町三丁目店,宮城県仙台市若林区卸町3-7-6,38.259361,140.921298
仙台市若林区役所,宮城県仙台市若林区保春院前丁3-1,38.244153,140.900797
JR仙台駅地下東口改札内,宮城県仙台市青葉区中央1-10-10,38.261046,140.87973
ファミリーマート伊藤榴岡五丁目店,宮城県仙台市宮城野区榴岡5-2-6,38.258646,140.89363
ファミリーマート富谷成田八丁目店,宮城県富谷市成田8-2-2,38.360422,140.892609
ファミリーマート白石蔵王駅前店,宮城県白石市旭町1-3-9,37.996156,140.632185
ファミリーマート佐沼中江五丁目店,宮城県登米市迫町佐沼字中江5-9-7,38.690328,141.181729
ファミリーマート築館宮野店,宮城県栗原市築館字下宮野中田138-1,38.749379,141.014252
ファミリーマート利府青山店,宮城県宮城郡利府町青山2-1-1,38.338105,140.966164
マックスバリュ鹿島台店,宮城県大崎市鹿島台木間塚字小谷地259-1,38.477301,141.105444
ヤマザワ古川バイパス,宮城県大崎市古川竹ノ内249-1,38.575387,140.94428
ヤマザワ古川北,宮城県大崎市古川江合寿町3-6-2,38.58723,140.968796
ヨークベニマル利府店,宮城県宮城郡利府町神谷沢字新宮ケ崎14-1,38.315136,140.96054
ファミリーマート多賀城育英高校前店,宮城県多賀城市高橋字浜居場52-1,38.28822,140.978994
ファミリーマート八木山香澄町,宮城県仙台市太白区八木山香澄町5-3ミヤギケンセンダイシ,38.244498,140.860195
JR石巻駅,宮城県石巻市鋳銭場9-1,38.435135,141.304377
ヨークベニマル湊鹿妻店,宮城県石巻市伊原津2-10-50,38.41926,141.338534
イオンモール石巻,宮城県石巻市茜平4-104,38.447509,141.266022
イオン能代店,秋田県能代市柳町12-33イオン能代店内,40.198548,140.053306
マックスバリュ/カメラのキタムラNET大館西店,秋田県大館市根下戸新町18-83マックスバリュ大館西,40.274005,140.528684
イオンモール秋田A,秋田県秋田市御所野地蔵田1-1イオン秋田御所野,39.663163,140.160929
イオン中仙(2号機),秋田県大仙市北長野字袴田188,39.551307,140.551439
イオンスタイル本荘店,秋田県由利本荘市東梵天257,39.386989,140.063201
カメラのキタムラ/イオンスタイル広面店,秋田県秋田市広面字堤敷19イオンスタイル広面店,39.730926,140.147016
イオン中仙(1号機),秋田県大仙市北長野字袴田188,39.551307,140.551439
マックスバリュ西馬音内店,秋田県雄勝郡羽後町字西馬音内213マックスバリュ西馬音内店内,39.194052,140.410799
マックスバリュ/カメラのキタムラ天王店,秋田県潟上市天王字蒲沼63-27マックスバリュ天王店内,39.86511,140.005725
コメリパワー大館,秋田県大館市柄沢字小柄沢191番地,40.267828,140.581417
ナイス外旭川店,秋田県秋田市外旭川字三後田31,39.74901,140.096993
マックスバリュ新西目店,秋田県由利本荘市西目町沼田字新道下1111-1マックスバリュ新西目,39.363269,140.013512
ツルハドラッグ若竹町,秋田県大仙市若竹町33-11,39.468838,140.470065
ツルハドラッグ秋田仁井田,秋田県秋田市仁井田新田2丁目5番16号,39.678816,140.125551
ツルハドラッグ天王長沼,秋田県潟上市天王字長沼9番2号,39.812156,140.050092
ツルハドラッグ横手寿町,秋田県横手市寿町1番35号,39.313437,140.563996
ツルハドラッグ秋田広面北,秋田県秋田市広面字蓮沼94-1,39.725856,140.150529
マックスバリュ男鹿店,秋田県男鹿市脇本脇本字石館16マックスバリュ男鹿,39.909432,139.907116
コメリパワー秋田卸町,秋田県秋田市卸町1丁目7番10号,39.700663,140.107066
ダイソー秋田土崎,秋田県秋田市飯島道東1-1-35,39.773524,140.068543
イオンモール秋田B,秋田県秋田市御所野地蔵田1-1イオン秋田御所野,39.663163,140.160929
ザ・ビッグ能代長崎店,秋田県能代市字長崎41-1ザ・ビッグ能代長崎店内,40.18658,140.023833
スーパーモールラッキー,秋田県横手市十文字町仁井田字東22-1,39.215976,140.520702
イオンモール大曲A,秋田県大仙市和合字坪立177,39.437695,140.509273
サンデー秋田自衛隊通店,秋田県秋田市土崎港北2-17-77,39.760542,140.082705
スーパーマーケットよねやハッピーモール,秋田県横手市横手町五ノ口36-1,39.3133,140.546203
マックスバリュ武道島,秋田県にかほ市象潟町武道島144-2,39.205834,139.905205
カメラのキタムラ横手店,秋田県横手市婦気大堤字中田92-5,39.296544,140.555629
カメラのキタムラ大館/イオンスーパーセンター大館店,秋田県大館市大田面238,40.286371,140.577047
カメラのキタムラ秋田/広面店,秋田県秋田市広面字堤敷31-2,39.728688,140.147156
カメラのキタムラ秋田/将軍野店,秋田県秋田市将軍野南3-7-7,39.746939,140.083251
ツルハドラッグ美郷,秋田県仙北郡美郷町土崎字上宿240,39.459361,140.579161
ツルハドラッグ毛馬内,秋田県鹿角市十和田毛馬内字南陣場30番地1,40.262718,140.768988
ツルハドラッグ鹿角,秋田県鹿角市花輪字下夕町202,40.200958,140.793289
ツルハドラッグ大館,秋田県大館市片山町3丁目1-1,40.274158,140.53811
ツルハドラッグ横手西,秋田県横手市横手町字三ノ口4番1,39.317929,140.552294
ファミリーマート大館中道店,秋田県大館市中道2-3-42,40.281297,140.555038
由利本荘市役所,秋田県由利本荘市尾崎17,39.386204,140.049225
イオンモール大曲B,秋田県大仙市和合字坪立177,39.437695,140.509273
ナイス山手台店,秋田県秋田市山手台1-1-5,39.695769,140.149776
ファミリーマート鹿角市役所前,秋田県鹿角市花輪字小深田298,40.217461,140.789677
秋田市役所,秋田県秋田市山王1-1-1,39.720113,140.101768
ファミリーマート大曲田町,秋田県大仙市大曲田町5-23,39.450359,140.482473
ファミリーマート秋田新屋扇町,秋田県秋田市新屋扇町2-22,39.682033,140.086057
ナイス土崎店,秋田県秋田市土崎港中央4-5-3,39.752165,140.07379
ファミリーマート秋田御所野湯本店,秋田県秋田市御所野湯本2-1-21,39.657395,140.172218
マックスバリュにかほ店,秋田県にかほ市平沢天ケ町82,39.288285,139.972961
ザ・ビッグ大曲飯田店,秋田県大仙市飯田字屋敷通257,39.438754,140.483105
ファミリーマート平鹿総合病院通,秋田県横手市横手町字五ノ口41-1,39.314721,140.545724
ジェイマルエー旭南,秋田県秋田市旭南1-13-32,39.709625,140.107971
ファミリーマート米沢御廟二丁目店,山形県米沢市御廟2-6-36,37.911683,140.091536
八文字屋鶴岡店,山形県鶴岡市上畑町3-38,38.735825,139.830112
カメラのキタムラ鶴岡/大塚店,山形県鶴岡市大塚町12-22,38.735597,139.808427
カメラのキタムラ酒田/酒田店,山形県酒田市東大町2-6-1,38.908531,139.854514
ツルハドラッグ飯豊,山形県西置賜郡飯豊町大字椿字井戸尻4642番地,38.035717,139.982437
ツルハドラッグ余目,山形県東田川郡庄内町余目字滑石59-1,38.844597,139.89802
ツルハドラッグ長井,山形県長井市小出3736-2,38.093683,140.03636
ツルハドラッグ上山,山形県上山市長清水1丁目2-16,38.146662,140.277389
ツルハドラッグ東根,山形県東根市温泉町3丁目3番6号,38.460198,140.386365
ヤマザワ松見町店,山形県山形市松見町21-10,38.231023,140.340277
ヨークベニマル上山,山形県上山市千石字元糸目913,38.1469,140.281504
ヨークベニマル天童老野森,山形県天童市東久野本1-6-53,38.367426,140.380735
イオン酒田南,山形県酒田市あきほ町120-1,38.894101,139.85381
イオン東根,山形県東根市さくらんぼ駅前3-7-15,38.427071,140.387522
ヤマザワ寒河江プラザ店,山形県寒河江市大字寒河江字横道65-1,38.366291,140.286172
ツルハドラッグ酒田曙町,山形県酒田市曙町2丁目17番1,38.920126,139.863494
ツルハドラッグ尾花沢新町,山形県尾花沢市新町一丁目6番30号,38.602639,140.410377
ツルハドラッグ山形鉄砲町,山形県山形市鉄砲町1丁目14番9号,38.23885,140.328108
丸井八文字屋,山形県新庄市沖の町1-3,38.763176,140.304768
八文字屋みずほ店,山形県酒田市みずほ2-19,38.903052,139.853389
マックスバリュ鶴岡南店,山形県鶴岡市ほなみ町9-35マックスバリュ鶴岡南店内,38.717162,139.844943
マックスバリュ/カメラのキタムラNET藤島店,山形県鶴岡市藤島字新大坪1-1マックスバリュ藤島店内,38.761595,139.90627
ツルハドラッグ村山西,山形県村山市大字河島字碇163番1,38.481165,140.363567
ツルハドラッグ鶴岡東,山形県鶴岡市大宝寺町2番3号,38.737401,139.839506
ツルハドラッグ中山あおば,山形県東村山郡中山町あおば22-6,38.33768,140.281589
ツルハドラッグ酒田宮野浦,山形県酒田市緑ケ丘1丁目1-13,38.903122,139.816255
ツルハドラッグ鶴岡新斎,山形県鶴岡市西新斎町1-38,38.734967,139.813593
ツルハドラッグ山形宮町,山形県山形市宮町4丁目14番6号,38.267481,140.33852
ツルハドラッグ山形吉原,山形県山形市吉原2丁目10番10号,38.228441,140.31229
ツルハドラッグ長井中道,山形県長井市中道二丁目19番19号,38.105993,140.030931
ツルハドラッグ山形松山,山形県山形市松山三丁目6番6号,38.236737,140.352954
ツルハドラッグ東根中央,山形県東根市さくらんぼ駅前2丁目14番17号,38.428227,140.388399
ツルハドラッグ山形東原,山形県山形市東原町一丁目11番17号,38.248943,140.348019
ツルハドラッグ上山東,山形県上山市仙石字藤沼763-1,38.138901,140.314026
ザ・ビッグ尾花沢,山形県尾花沢市尾花沢下新田1719,38.601493,140.404014
ファミリーマート山形大学工学部店,山形県米沢市城南4-3-8,37.90162,140.103383
ファミリーマート山形嶋店,山形県山形市嶋南3-6-13,38.280415,140.315631
こまつ書店堀川町店,山形県米沢市堀川町4-68,37.905044,140.096168
ヤマザワ上山,山形県上山市矢来3-2-1,38.152207,140.275847
ファミリーマート寒河江中央二丁目店,山形県寒河江市中央2-10-7,38.385085,140.277644
ヤマザワ宮町,山形県山形市宮町5-9-22,38.264049,140.337947
ヨークベニマル南陽店,山形県南陽市三間通字成梨1259-1,38.052645,140.153366
マックスバリュ最上,山形県最上郡最上町大字向町字村尻286-5,38.759374,140.513975
こまつ書店東根,山形県東根市神町北2-8-1,38.414699,140.38331
イオン米沢店,山形県米沢市春日2-13-4米沢サティ,37.923389,140.108829
マックスバリュ東原町店,山形県山形市東原町4-17-7,38.243826,140.347006
マックスバリュ東泉店,山形県酒田市東泉町4-1-15,38.930603,139.851098
ザ・ビッグ酒田北店,山形県酒田市泉町214,38.935468,139.848998
マックスバリュ余目店,山形県東田川郡庄内町余目字滑石57-1,38.844203,139.898615
八文字屋本店,山形県山形市本町2-4-11,38.25117,140.338522
ツルハドラッグ相馬,福島県相馬市小泉字根岸96番地1,37.810295,140.925429
ツルハドラッグ神谷,福島県いわき市平塩字出口42,37.060219,140.921887
カメラの清水エブリア店,福島県いわき市鹿島町米田字日渡5鹿島SCエブリア,36.994128,140.905189
ツルハドラッグ塙,福島県東白川郡塙町大字塙字大町1丁目13番地,36.958976,140.409578
ツルハドラッグ西郷,福島県西白河郡西郷村大字熊倉字折口原254番1,37.139584,140.152708
いちい信夫ヶ丘店,福島県福島市矢倉下5番地いちい信夫ヶ丘,37.77246,140.487849
ツルハドラッグ小名浜,福島県いわき市小名浜岡小名字小館19-6,36.959699,140.903444
ツルハドラッグ川俣,福島県伊達郡川俣町大字鶴沢字学校前20-1,37.665593,140.576466
ツルハドラッグいわき湯本,福島県いわき市常磐水野谷町諏訪ヶ崎5-1,36.99638,140.860037
ツルハドラッグ上荒川,福島県いわき市平上荒川字桜町4番1,37.034504,140.889625
ツルハドラッグ福島丸子,福島県福島市丸子字富塚3番1号,37.785151,140.473271
ツルハドラッグ南会津,福島県南会津郡南会津町田島字谷地甲55-11,37.202272,139.76944
ツルハドラッグ八山田,福島県郡山市喜久田町字上田向2-1,37.435407,140.351868
ツルハドラッグいわき四倉,福島県いわき市四倉町上仁井田字南姥田61番1,37.094298,140.976962
ファミリーマート郡山金屋店,福島県郡山市田村町金屋新家9-1,37.369399,140.388867
ヨークベニマル門田店,福島県会津若松市天神町22-11,37.480022,139.933991
カメラのキタムラ会津若松/白虎通り店,福島県会津若松市白虎1丁目2番地の1,37.506339,139.936524
ブックエース植田店,福島県いわき市東田町2-10-6,36.92283,140.8025
カメラのキタムラいわき/平店,福島県いわき市平字倉前112-12,37.047778,140.900894
カメラのキタムラ福島/八木田店,福島県福島市八木田中島61-1,37.750868,140.446508
ファミリーマート船引城ノ内店,福島県田村市船引町船引字城ノ内82,37.439415,140.567492
ヨークベニマル結城四ツ京店,茨城県結城市大字結城11839-1,36.30614,139.868326
ヨークベニマル結城四ツ京店,茨城県結城市大字結城11839-1,36.30614,139.868326
ベイシア阿見店,茨城県稲敷郡阿見町荒川本郷2033-151,36.021462,140.183321
ベイシアSM石岡東光台店,茨城県石岡市東光台4-12-34,36.181996,140.307414
土浦市役所,茨城県土浦市大和町9番1号,36.0783,140.204327
JR常陸多賀駅,茨城県日立市多賀町1-1,36.551976,140.632204
かわねやフェスタ店,茨城県常陸太田市金井町江向2918,36.537724,140.504181
ヨークベニマル赤塚店,茨城県水戸市姫子2-30,36.381705,140.416877
ヨークベニマルひたちなか店,茨城県ひたちなか市大字東石川3614-1,36.415816,140.528196
TAIRAYA新取手駅前,茨城県取手市新取手1丁目10-1,35.916748,140.045056
TAIRAYA笠間店,茨城県笠間市寺崎字神田120,36.049742,140.004182
マルヘイストア鹿嶋店,茨城県鹿嶋市大字宮津台4769-3,35.985036,140.640819
カインズ阿見店,茨城県稲敷郡阿見町荒川本郷2033-177,36.02258,140.18201
エコスTAIRAYAつくば大穂,茨城県つくば市筑穂2丁目6-6-7,36.133776,140.080609
TAIRAYA松代,茨城県つくば市松代4-19-1,36.063906,140.104436
昭和自動車教習所,茨城県水戸市千波町1987,36.348291,140.444489
JR牛久駅,茨城県牛久市牛久町282,35.977025,140.141616
ベルク古河諸川店,茨城県古河市諸川498-2,36.199497,139.823567
フードスクエア牛久店,茨城県牛久市神谷6-1-3,35.968458,140.151756
カメラのキタムラ水戸/下市店入口,茨城県水戸市柳町2丁目-3-15,36.365997,140.48943
ウエルシア鹿嶋緑ヶ丘,茨城県鹿嶋市緑ヶ丘4丁目6番地7,35.975364,140.622954
フードスクエア水戸見川店,茨城県水戸市見川2-3066-1,36.375015,140.43858
ヨークベニマルつくばさくらの杜,茨城県つくば市さくらの森25-5,36.105953,140.126494
ウエルシア常陸太田中城,茨城県常陸太田市中城町2992-1,36.544156,140.530006
ウエルシア古河総和店,茨城県古河市下辺見2715,36.174507,139.732551
フードスクエア大穂,茨城県つくば市筑穂1-15-6,36.135108,140.083514
ウエルシア神栖土合本町,茨城県神栖市土合本町4-9809-451,35.793704,140.773217
ウエルシア龍ヶ崎馴馬,茨城県龍ヶ崎市馴馬町2957-1,35.913873,140.18557
ファミリーマート水戸笠原店,茨城県水戸市笠原町414-10,36.337379,140.454083
ヨークベニマルつくばみらい店,茨城県つくばみらい市絹の台6-20-1,35.976107,139.973172
伊勢甚友部スクエアスーパーマーケット正面入口右側,茨城県笠間市住吉字細谷1364番1,36.331949,140.320915
JR赤塚駅,茨城県水戸市赤塚1-1866,36.381864,140.415306
スーパーセンタートライアルつくば学園都市,茨城県つくば市学園の森A29街区,36.094941,140.082726
JRひたち野うしく駅,茨城県牛久市中根町395-2,36.007445,140.158369
ヨークベニマル豊里店,茨城県つくば市豊里の杜2-1-1,36.100298,140.046723
ウエルシア古河三和東店,茨城県古河市諸川井耕地259-7,36.20044,139.824698
ファミリーマート水戸堀町店,茨城県水戸市堀町1161-4,36.399961,140.429969
カインズホーム日立店,茨城県日立市留町字前川1270-2,36.491622,140.604507
カスミ那珂湊店,茨城県ひたちなか市栄町2-13-25,36.345383,140.581748
カスミひたちなか笹野店,茨城県ひたちなか市笹野町1丁目12番3号,36.397237,140.542201
ベイシア高萩,茨城県高萩市下手綱字ヤワコ田1058,36.727917,140.7162
守谷ショッピングセンター,茨城県守谷市久保ヶ丘2-1-1,35.967526,139.975406
ベイシアフードセンター日立,茨城県日立市留町字前川1270-2,36.491622,140.604507
ブックエース下館店,茨城県筑西市市野辺223-1,36.314336,139.989217
カスミ常陸太田,茨城県常陸太田市塙町2953,36.542099,140.529854
ファミリーマートひたちなか田彦店,茨城県ひたちなか市大字田彦1396-1,36.412408,140.521127
ファミリーマート土浦駅東店,茨城県土浦市港町1-5-14,36.078996,140.208725
ファミリーマート土浦真鍋店,茨城県土浦市真鍋6-1-27,36.101358,140.202991
ヨークベニマルひたち野うしく,茨城県牛久市ひたち野西3-29-16,36.009709,140.156382
江戸崎ショッピングセンターパンプ,茨城県稲敷市江戸崎甲4836,35.959274,140.315774
ヨークベニマル東大島店,茨城県ひたちなか市東大島2-13-15,36.40599,140.53008
ヤオコー野木店,栃木県下都賀郡野木町大字友沼5309,36.228879,139.729974
ヤオコー佐野浅沼店,栃木県佐野市浅沼町字富士之宮121,36.30607,139.590229
カスミ壬生店,栃木県下都賀郡壬生町大師町30-22,36.432851,139.8026
イオン栃木,栃木県栃木市箱森町37-9,36.395025,139.724751
イオン佐野新都市,栃木県佐野市高萩町1324-1,36.299642,139.606642
イオンみぶ,栃木県下都賀郡壬生町大字壬生丁字六美219,36.461926,139.836612
イトーヨーカドー宇都宮店,栃木県宇都宮市陽東6-2-1,36.55361,139.928342
ファミリーマート佐野北茂呂町店,栃木県佐野市北茂呂町北茂呂3-3,36.324666,139.575084
ファミリーマート国分寺川中子店,栃木県下野市川中子3329-492,36.370742,139.836896
カメラのキタムラ宇都宮/FKD宇都宮店,栃木県宇都宮市今泉町237FDK宇都宮店3F,36.53226,139.901935
カメラのキタムラ小山店店舗前,栃木県小山市西城南4-4-3,36.294647,139.806309
ファミリーマート鹿沼村井町店,栃木県鹿沼市上殿町352-15,36.550728,139.747455
芳賀工業団地管理センター,栃木県芳賀郡芳賀町芳賀台98,36.564173,140.01202
ファミリーマート那須黒田原店,栃木県那須郡那須町大字寺子丙1-121,37.019981,140.118555
スーパービバホーム足利込店,栃木県足利市堀込町宇宮前250番1,36.308886,139.439816
フレッセイ足利南店,栃木県足利市福居町254-1,36.310316,139.448448
カメラのキタムラ足利南店,栃木県足利市福居町280-1,36.312667,139.446263
イオン佐野新都心1F専門店,栃木県佐野市高萩町1324-1,36.299642,139.606642
ベイシア大田原店,栃木県大田原市住吉町1-14-12,36.870827,140.019327
イオンショッピングセンター那須塩原店,栃木県那須塩原市島方455,36.930841,140.008221
イオン佐野新都心1F食品側,栃木県佐野市高萩町1324-1,36.299642,139.606642
ベイシア宇都宮陽東店,栃木県宇都宮市陽東3-27-20,36.556442,139.925366
ベイシア烏山店,栃木県那須烏山市城東1880,36.659917,140.159171
ビバモール鹿沼店,栃木県鹿沼市睦町字川西城下287-1,36.571668,139.75291
カインズホーム足利大月店,栃木県足利市大月町3-2,36.33614,139.476006
カスミ二宮店,栃木県真岡市石島字大道812,36.41764,139.965906
タイムクリップ足利助戸店,栃木県足利市助戸1丁目670-1,0.0,0.0
ヤオコー足利店,栃木県足利市大橋町1-2026-1,36.343174,139.466781
カインズ小山,栃木県小山市立木1041,36.321277,139.792016
たいらや滝谷店,栃木県宇都宮市滝谷町19-8,36.550831,139.868044
ヨークベニマル大田原住吉,栃木県大田原市住吉町2-6-5,36.872646,140.02456
フレッセイ佐野,栃木県佐野市赤坂町956-19,36.303557,139.565
フレッセイ通町,栃木県足利市通3-2600-1,36.336717,139.447315
カワチ薬品一条,栃木県宇都宮市旭2-15-16,36.551935,139.883546
文真堂書店葉鹿店,栃木県足利市葉鹿町1-24-1,36.364339,139.391603
ベイシアマート今市店,栃木県日光市今市1109-1,36.725058,139.693306
ベイシア今市モール店,栃木県日光市芹沼字石神殿1470-1,36.739645,139.708305
ベイシア大平モール店,栃木県栃木市大平町下皆川849-1,36.353737,139.711059
ベイシアマート足利借宿,栃木県足利市借宿町549-1,36.328329,139.430149
ベイシア益子,栃木県芳賀郡益子町七井中央10-1,36.491664,140.099186
たいらや石井店,栃木県宇都宮市石井町2800-57,36.547209,139.927488
ベイシアさくら氏家,栃木県さくら市氏家725,36.666877,139.960234
ヨークベニマル黒磯店,栃木県那須塩原市黒磯幸町2-14,0.0,0.0
ウエルシア小山羽川店,栃木県小山市大字羽川字下田57,36.349779,139.824601
ウエルシア宇都宮双葉店,栃木県宇都宮市双葉3-15-2,36.529209,139.857887
カメラのキタムラ黒磯店,栃木県那須塩原市住吉町6-21,36.966343,140.047466
ファミリーマート宇都宮本町大通り店,栃木県宇都宮市本町4-11下野新聞ビル1F,36.561992,139.882926
カメラのキタムラ佐野店店舗前,栃木県佐野市浅沼町419ー1,36.312929,139.591253
カインズホーム西那須野店,栃木県那須塩原市南郷屋2-148-16,36.893859,139.98226
ファミリーマート大田原北金丸店,栃木県大田原市北金丸1852-8,36.87278,140.073953
ファミリーマート高崎問屋町二丁目店,群馬県高崎市問屋町二丁目11-2-1,36.350625,139.011131
タイムクリップ群馬町店,群馬県高崎市中泉町629-4,36.368883,139.001186
ベイシアおおたモール店,群馬県太田市飯塚町626-1,36.275614,139.387322
ベイシア前橋川曲店,群馬県前橋市川曲町361番地,36.353672,139.05078
文真堂書店大胡店,群馬県前橋市堀越町351-4,36.412479,139.147558
ベイシア前橋みなみモール店,群馬県前橋市新堀町893,36.330085,139.095449
タイムクリップ大間々店,群馬県みどり市大間々町大間々9-1,36.415308,139.287824
タイムクリップ渋川中央店,群馬県渋川市石原13-1,36.49133,138.999324
ブックマンズアカデミー太田店,群馬県太田市新井町502-2,36.285295,139.373525
タイムクリップ安中店,群馬県安中市高別当406,36.325778,138.883628
ベイシア伊勢崎駅前店,群馬県伊勢崎市都市計画事業伊勢崎駅周辺第一土地区画整理事業2-1街区2-10,36.326435,139.193111
文真堂書店小出店,群馬県前橋市上小出町2-5-6,36.413576,139.06067
文真堂書店一の宮店,群馬県富岡市一の宮1725,36.261966,138.869543
ベイシア伊勢崎バイパス店,群馬県伊勢崎市連取町2336-7,36.310424,139.183629
ベイシアマート邑楽店,群馬県邑楽郡邑楽町大字鶉781-8,36.270844,139.496545
ベイシアマート大胡,群馬県前橋市樋越町828,36.412091,139.169852
ベイシア大胡,群馬県前橋市堀越町377,36.415107,139.144848
ベイシアマート太田富沢,群馬県太田市富沢町282-1,36.265039,139.356471
ベイシア渋川こもち,群馬県渋川市吹屋657-30,36.518046,139.014311
ベイシア大間々,群馬県みどり市大間々町大間々1773-1,36.427276,139.278212
ベイシアマート安中郷原,群馬県安中市郷原字中原313,36.307374,138.84355
ベイシア沼田,群馬県沼田市久屋原町字吉野415,36.666264,139.108476
ベイシアふじみ,群馬県前橋市富士見町原之郷643,36.43276,139.067959
桐生市役所,群馬県桐生市織姫町1-1,36.405423,139.330503
カメラのキタムラ富岡店,群馬県富岡市富岡2363-1,36.264237,138.890105
フレッセイフィール藤岡店,群馬県藤岡市中栗須390,36.260694,139.072083
フレッセイ太田飯塚店,群馬県太田市飯塚町681-1,36.278176,139.388753
前橋リリカ,群馬県前橋市国領町2-14-1,36.404654,139.068046
戸田書店高崎店,群馬県高崎市下小鳥町438-1,36.352827,138.999719
カワチ薬品伊勢崎西,群馬県伊勢崎市連取町1309-1,36.317184,139.17684
フレッセイ館林美園店,群馬県館林市美園町14-4,36.234283,139.535075
カワチ薬品大八木,群馬県高崎市大八木町622-4,36.362276,139.002195
フレッセイ朝倉店,群馬県前橋市朝倉町923,36.367338,139.08593
ベルク前橋総社町,群馬県前橋市総社町高井530-1,36.412282,139.025808
けやきウォーク前橋店アピタ東出入口/ATMコーナー出入口付近,群馬県前橋市文京町2丁目1-1けやきウォーク前橋店1F,36.379191,139.077845
フレッセイ大胡店,群馬県前橋市大胡町399,36.410649,139.15923
ウエルシア玉村下新田店,群馬県佐波郡玉村町下新田743-2,36.30228,139.117164
フォルテ太田店,群馬県太田市別所町328-3,36.301523,139.332434
ウエルシア高崎上佐野,群馬県高崎市上佐野町粕沢907-1,36.306514,139.02671
カワチ薬品桐生西,群馬県桐生市相生町5-470-4,36.414934,139.28949
カワチ薬品高崎駅東,群馬県高崎市高関町44-1,36.32258,139.028303
高崎OPA,群馬県高崎市八島町46-1,36.323161,139.011267
カワチ薬品吉岡,群馬県北群馬郡吉岡町大久保字金竹西1480-1,36.429043,139.021837
カワチ薬品渋川,群馬県渋川市阿久津字北原15,36.508656,139.003636
ベイシア高崎倉賀野,群馬県高崎市倉賀野町3100‐5,36.294777,139.060712
ベイシア太田丸山店,群馬県太田市丸山町1260‐1,36.344171,139.381845
ファミリーマート高崎宮元町,群馬県高崎市宮元町229番地,36.324011,139.005177
フレッセイ沼田栄町店,群馬県沼田市栄町210-1,36.637137,139.045105
ベルク渋川店,群馬県渋川市渋川1815-42,36.494058,139.005911
ベルク前橋北代田店,群馬県前橋市北代田町30-1,36.414447,139.06846
ウエルシア川口朝日町5丁目,埼玉県川口市朝日5-8-20,35.807583,139.747181
ヤマダデンキ浦和埼大通り店,埼玉県さいたま市桜区大字上大久保725,35.867988,139.613321
ヤオコー熊谷籠原店,埼玉県熊谷市拾六間字俊原706-3,36.170592,139.318405
ファミリーマート朝霞東弁財,埼玉県朝霞市東弁財2-6-1,35.811995,139.585305
ファミリーマートさいたま神田店,埼玉県さいたま市桜区大字神田248-1,35.873471,139.606993
カワチ薬局春日部店,埼玉県春日部市豊町3-11-2,35.967814,139.741263
カインズホーム行田店,埼玉県行田市大字持田780,36.131496,139.449619
ウエルシア春日部駅西口2号店,埼玉県春日部市中央1-49-1,35.978268,139.75299
ビバモール加須店,埼玉県加須市下高柳1-29,36.111095,139.605529
タイムクリップ幸手店,埼玉県幸手市大字上高野1406,36.057566,139.715295
コジマXビックカメラ新座店,埼玉県新座市野火止6-1-10,35.8003,139.561049
ファミリーマート草加弁天五丁目店,埼玉県草加市弁天5-1-1,35.844363,139.815161
マミーマート所沢山口店,埼玉県所沢市大字山口808-3,35.77845,139.440858
ヤオコー小川SC,埼玉県比企郡小川町大塚1152-1,36.058079,139.259354
ファミリーマートさいたま本町東二丁目,埼玉県さいたま市中央区本町東2-18-7,35.882716,139.625869
スーパービバホーム埼玉大井店,埼玉県ふじみ野市西鶴ケ岡1-3-15,35.863788,139.50222
長崎屋蓮田店,埼玉県蓮田市東4-5-13,35.980215,139.6578
ヨドバシカメラさいたま新都心駅前,埼玉県さいたま市大宮区吉敷町4-263-6,35.898745,139.630306
ファミリーマート上尾原市西店,埼玉県上尾市大字原市339-5,35.96006,139.623834
JR上尾駅,埼玉県上尾市柏座,35.973603,139.583471
ビバホーム草加,埼玉県草加市谷塚仲町488,35.817124,139.794798
スーパービバホームさいたま新都心,埼玉県さいたま市浦和区上木崎1-13-1,35.887975,139.634848
ヤオコー深谷上野台店,埼玉県深谷市大字上野台3028-1,36.18659,139.274084
カスミ白岡店,埼玉県南埼玉郡白岡町西4-2-6,36.022142,139.658875
ファミリーマート川口南鳩ヶ谷店,埼玉県川口市南鳩ヶ谷3-17-21,35.815507,139.739531
プラザホテル浦和店,埼玉県さいたま市南区鹿手袋1-1-1,35.85344,139.638109
NTTル・パルク大宮下町第1バイク,埼玉県さいたま市大宮区下町2-61,35.903072,139.628794
マルエツ松原店,埼玉県草加市栄町3-8-13,35.845846,139.800904
スーパーアルプス入間藤沢店,埼玉県入間市大字下藤沢188-1,35.825476,139.40515
ファミリーマート中浦和駅前,埼玉県さいたま市南区関1-1-9,35.852682,139.637679
マミーマート桶川坂田店,埼玉県桶川市大字坂田400-5,36.016264,139.568727
カワチ薬局新田駅前店,埼玉県草加市金明町字道上463-2,35.854111,139.793705
におどりプラザ三郷中央,埼玉県三郷市中央1-14-2,35.82353,139.876127
ヨークマート草加店,埼玉県草加市中央1-6-9,35.826827,139.812107
西友所沢ニュータウン店,埼玉県所沢市中新井3-20-37,35.815219,139.475392
ベルク北坂戸店,埼玉県坂戸市末広町20-2,35.976837,139.398263
ヤオコー一本松南店,埼玉県鶴ヶ島市新町4-10-4,35.934999,139.36952
ファミリーマート川口元郷店,埼玉県川口市元郷4-3-1,35.79636,139.73247
ウエルパーク新座石神店,埼玉県新座市石神井3-19-33,35.767915,139.551167
ベルク南古谷店,埼玉県川越市大字並木246-1,35.901988,139.520006
コープ今泉,埼玉県上尾市川275-1,35.965516,139.580246
JR北上尾駅,埼玉県上尾市原新町3,35.98585,139.577114
カメラのキタムラ越谷花田店店舗前,埼玉県越谷市花田2丁目29-12,35.909172,139.797903
ファミリーマートさいたま辻八丁目店,埼玉県さいたま市南区辻8-22-21,35.829059,139.661955
コープ狭山台,埼玉県狭山市狭山台2-29-1,35.8553,139.435156
ファミリーマート浦和根岸店,埼玉県さいたま市南区根岸2-14-1,35.842078,139.664691
ウニクス川越南口,埼玉県川越市新宿町1-17-1,35.904496,139.480092
ファミリーマート戸田全農通り店,埼玉県戸田市新曽1648,35.825018,139.662481
浦和コルソB1F,埼玉県さいたま市浦和区高砂1-12-1,35.85838,139.655852
カメラのキタムラ川口/芝店店舗入口,埼玉県川口市芝下3丁目19番17号,35.840597,139.700771
カスミ八街朝日店,千葉県八街市八街に252-6,35.669167,140.337533
ファミリーマート館山駅東口店,千葉県館山市北条2225-1,34.996756,139.863873
ウエルシア佐倉志津店,千葉県佐倉市上志津1602-1,35.714743,140.14253
イオンスタイル千葉みなと,千葉県千葉市中央区問屋町2-29,35.600423,140.113645
ビックカメラ柏店,千葉県柏市柏1-1-20スカイプラザ柏,35.862268,139.971984
銚子大洋自動車教習所,千葉県銚子市長塚町3-654,35.740219,140.796737
イトーヨーカドー八柱店,千葉県松戸市日暮1-15-8,35.790974,139.939814
流山おおたかの森ショッピングセンター,千葉県流山市西初石6-185-2,35.870222,139.923796
イオンモール幕張新都心店グランドモール1Fモール側PETモール渡り通路下,千葉県千葉市美浜区豊砂1-1グランドモール1Fモール側1F,35.651471,140.037071
ウエルシア富津大貫店,千葉県富津市西大和田1340,35.300281,139.857611
カインズホーム銚子店,千葉県銚子市芦崎町810,35.75552,140.774512
マルエツ安食店,千葉県印旗郡栄町安食台1-3-4,35.841072,140.244898
イオンモール幕張新都心店ファミリーモール1F立体駐車場エレベータ横,千葉県千葉市美浜区豊砂1-5ファミリーモール1F駐車場側1F,35.654807,140.028684
ウエルシア袖ケ浦奈良輪店,千葉県袖ケ浦市奈良輪1416,35.434819,139.960486
イオン千葉ニュータウン店,千葉県印西市中央北3-1-1,35.802869,140.113644
イオンモール幕張新都心グランドモール1Fイオン,千葉県千葉市美浜区豊砂1-1グランドモール1Fイオン側立体駐車場1F,35.652966,140.033038
ウエルシア我孫子新木駅前,千葉県我孫子市南新木2-2-1,35.861654,140.106885
イオンモール千葉ニュータウン店北入口1F駐車場,千葉県印西市中央北3-1-1イオンモール千葉ニュータウンイオン側1F,35.802473,140.1129
イオン鎌ヶ谷店新鎌ヶ谷駅側入口自転車置き場付近,千葉県鎌ヶ谷市新鎌ヶ谷2-7-1イオン鎌ヶ谷ショッピングセンター2F,35.779369,140.001096
マルエツ小林店,千葉県印西市小林北2-10,35.830571,140.194123
イオンモール幕張新都心店アクティブモール1F立体駐車場エレベータ横,千葉県千葉市美浜区豊砂1-6アクティブモール1F立体駐車場側1F,35.654807,140.028684
L&Mスポーツクラブ,千葉県香取市北2-7-16,35.897824,140.492964
フォルテベルク船橋店,千葉県船橋市行田1-50-2,35.719548,139.979156
イオンタウンおゆみ野,千葉県千葉市緑区おゆみ野5-37-1,35.553953,140.185282
イオンモール津田沼店正面入口付近,千葉県習志野市津田沼1丁目23番1号イオンモール津田沼1F,35.690386,140.024934
ファミリーマート我孫子湖北台店,千葉県我孫子市湖北台7-13-58,35.86476,140.068784
リブレ京成幕張本郷店,千葉県千葉市花見川区幕張本郷6-20-30,35.675515,140.043376
カメラのキタムラ千葉/おゆみ野店入口,千葉県千葉市緑区おゆみ野南6-8-6,35.543674,140.183131
ダイエー新松戸店C,千葉県松戸市新松戸3-2-2,35.825187,139.915708
イオン鎌ヶ谷店地下1Fエスカレーターホール,千葉県鎌ヶ谷市新鎌ヶ谷2-7-1イオン鎌ヶ谷ショッピングセンター2F,35.779369,140.001096
イオンモール津田沼店B1Fエスカレーターホール,千葉県習志野市津田沼1丁目23番1号イオンモール津田沼1F,35.690386,140.024934
京成西船駅,千葉県船橋市西船4ー15ー27,35.71164,139.95837
アイビスibsビル1F,千葉県市川市八幡3-3-3ターミナルシティ本八幡アイビス,35.723413,139.927163
カメラのキタムラ千葉茂原,千葉県茂原市八千代2-12-5,35.42325,140.294175
マミーマート船橋日大前,千葉県船橋市坪井町1311-1,35.736982,140.060965
イオンモール柏,千葉県柏市豊町2ー5ー25イオンモール柏1F,35.85181,139.961498
ミスターマックス新習志野ショッピングセンター,千葉県習志野市茜浜2-2-1メルクス新習志野1階,35.665767,140.013494
ファミリーマート酒々井駅前店,千葉県印旛郡酒々井町中川50-3岡田第一ビル1F,35.735024,140.271531
ファミリーマート南行徳三丁目店,千葉県市川市南行徳3-3-20,35.669513,139.902501
ららぽーと柏の葉店,千葉県柏市若柴175ららぽーと柏の葉店2F,35.894034,139.95112
スーパーセンタートライアル八街店,千葉県八街市八街ほ743-1,35.655594,140.304718
JR千葉駅公園口,千葉県千葉市中央区新千葉1-1,35.612929,140.114206
京成電鉄実籾駅,千葉県習志野市実籾4-998,35.688885,140.073135
MONA新浦安店1F,千葉県浦安市入船1-5-1MONA新浦安内,35.648898,139.912709
京成電鉄八千代台駅,千葉県八千代市八千代台北1-0,35.70139,140.0908
千葉市稲毛区役所,千葉県千葉市稲毛区穴川4-12-1,35.636247,140.107187
松戸自動車教習所,千葉県松戸市松戸新田253,35.791252,139.9216
京成電鉄勝田台駅,千葉県八千代市勝田台1-8-1,35.715325,140.126337
精文館書店花見川店,千葉県千葉市花見川区作新台6-19-28,35.690154,140.085895
カメラのキタムラ市原店店舗前,千葉県市原市君塚3-4-13,35.521208,140.106827
ファミーユ京王,東京都日野市多摩平1丁目1,35.659754,139.381089
フレスポ八王子みなみ野店,東京都八王子市みなみ野1-7,35.632009,139.328425
NTT江東支店第2棟,東京都江東区東陽4-7-29,35.671282,139.819405
明星大学ブックセンター,東京都日野市程久保2-1-1,35.645035,139.407356
ファミリーマート神楽坂三丁目店,東京都新宿区神楽坂3-2-20,35.701294,139.741102
多摩都市モノレール大塚帝京大駅,東京都八王子市大塚1473番地,35.636179,139.41564
ファミリーマート中野中央五丁目店,東京都中野区中央五丁目18-3,35.697832,139.662727
ライフ水元店,東京都葛飾区水元2-11-5,35.787259,139.856886
スーパーアルプス豊田南店,東京都日野市豊田1-16-1,35.657513,139.388309
JR神田駅,東京都千代田区鍛冶町2丁目,35.692524,139.771819
都営大江戸線中野坂上駅,東京都中野区中央2-2-28,35.697277,139.683261
早稲田大学理工学部,東京都新宿区大久保3-4-157号館B1,35.705622,139.707891
スーパーアルプス多摩境店,東京都町田市小山ヶ丘4-5-2,35.604541,139.360703
ファミリーマート武蔵小山,東京都品川区小山4-4-3,35.61895,139.703801
都営大江戸線東中野駅,東京都中野区東中野3-8-16,35.707022,139.682796
早稲田大学本校,東京都新宿区西早稲田1-6-1,35.709045,139.719569
京成電鉄お花茶屋駅,東京都葛飾区宝町2-37-1,35.747638,139.840051
コモディイイダ東向島,東京都墨田区東向島1-28-10,35.719052,139.813707
都営大江戸線青山一丁目駅,東京都港区北青山1-2-4,35.673201,139.723819
カメラのキタムラ羽村店,東京都羽村市栄町1-12-1,35.77445,139.306694
京王山田駅,東京都八王子市緑町小芝原434,35.645565,139.320834
コープみらい葛飾白鳥店,東京都葛飾区白鳥4-10-1,35.752281,139.847668
西武鉄道中井駅,東京都新宿区中落合1-19-1,35.715052,139.687238
都営大江戸線森下駅,東京都江東区森下2-17-17,35.687816,139.797493
村松眞商店,東京都北区西ケ原1-60-16,35.740159,139.746069
東京学芸大学,東京都小金井市貫井北町4-1-1,35.70518,139.49336
ライフ本一色店,東京都江戸川区本一色一丁目164番1,35.716461,139.870079
ベルクス江北店,東京都足立区江北5-16-24,35.776666,139.764968
ファミリーマート品川埠頭D,東京都港区港南5-5-30,35.628201,139.75664
ファミリーマート西日暮里四丁目店,東京都荒川区西日暮里4-21-3,35.731607,139.764769
京王飛田給駅,東京都調布市飛田給1-42-11,35.660276,139.523269
ファミリーマート中野沼袋二丁目店,東京都中野区沼袋2-38-12,35.723718,139.664202
ファミリーマート世田谷中町店,東京都世田谷区中町4-19-7,35.616337,139.644762
西友清瀬店,東京都清瀬市元町1-4-5,35.773129,139.520523
ファミリーマート品川埠頭C,東京都港区港南5-5-30,35.628201,139.75664
JR日野駅(1号機),東京都日野市大坂上,35.67496,139.388996
新宿区役所,東京都新宿区歌舞伎町1-4-1,35.693308,139.701314
JR金町駅(2号機),東京都葛飾区金町6-4-1,35.768758,139.868856
ファミリーマート鎌田水神橋店,東京都世田谷区鎌田3-34-9,35.623889,139.613555
都営大江戸線練馬駅,東京都練馬区豊玉北5-17-12,35.737281,139.655157
ファミリーマート築地五丁目店,東京都中央区築地5-3-1,35.664671,139.766012
帝京大学ブックセンター,東京都八王子市大塚359,35.642996,139.420121
東京メトロ東西線落合駅,東京都新宿区上落合2-13-7,35.711164,139.687527
JR金町駅(1号機),東京都葛飾区金町6-4-1,35.768758,139.868856
オリンピック瑞穂店,東京都西多摩郡瑞穂町大字箱根ケ崎1347-1,35.774646,139.341998
ピーコックストア竹の塚店,東京都足立区竹の塚6-7-1-101,35.794712,139.791812
ライフ赤塚店,東京都板橋区赤塚1-16-12,35.770383,139.649155
NTT駒込第2,東京都文京区千駄木3-40-3,35.726401,139.763799
ピーコックストア大島店,東京都江東区大島6-1-8-101,35.689865,139.832653
ブックスタマ東大和店,東京都東大和市仲原4-2-4,35.746242,139.435519
マルエツ名瀬店,神奈川県横浜市戸塚区名瀬町766-3,35.428484,139.541237
イトーヨーカドーアリオ橋本店,神奈川県相模原市緑区大山町1-22,35.59102,139.349769
ファミリーマート東戸塚駅東口店,神奈川県横浜市戸塚区品濃町519-8,35.42851,139.558374
マルエツ天王町店,神奈川県横浜市保土ケ谷区岩間町1-1-5天王町ハイタウン101,35.453871,139.604286
ファミリーマート横浜公園前店,神奈川県横浜市中区山下町195-1,35.444159,139.64239
ファミリーマート稲田堤駅前店,神奈川県川崎市多摩区菅稲田堤1-3,35.634324,139.535767
ハックドラッグ戸塚店,神奈川県横浜市戸塚区下倉田町190-1,35.386068,139.536832
パレール川崎,神奈川県川崎市川崎区東田町8,35.529679,139.704044
ファミリーマート小浦青葉すみよし台店,神奈川県横浜市青葉区すみよし台37,35.553669,139.493929
ファミリーマート東海大学駅前店,神奈川県秦野市南矢名1-13-15,35.372492,139.271983
東急ストアあざみ野店,神奈川県横浜市青葉区あざみ野2-1-1,35.568667,139.553911
ファミリーマート都築北山田店,神奈川県横浜市都筑区北山田2-1-1,35.560892,139.591703
ファミリーマート松山釜利谷店,神奈川県横浜市金沢区釜利谷東2-5-15,35.343626,139.616246
東急ストアすすき野店,神奈川県横浜市青葉区すすき野2-5-4,35.575383,139.524908
クロスガーデン川崎,神奈川県川崎市幸区小倉1658-35,35.54143,139.669169
ハックベリー美しが丘店,神奈川県横浜市青葉区美しが丘西3-65-3,35.587868,139.534121
イトーヨーカドー古淵(店内),神奈川県相模原市南区古淵3-13-33,35.552914,139.418487
ファミリーマート中央林間駅東口店,神奈川県大和市中央林間4-14-20,35.508025,139.446152
東急田園都市線たまプラーザ駅(2号機),神奈川県横浜市青葉区美しが丘1-3,35.577428,139.55853
東急東横線日吉駅,神奈川県横浜市港北区日吉2-1-1,35.553254,139.646883
ファミリーマート川崎貝塚一丁目,神奈川県川崎市川崎区貝塚1-1-1,35.52644,139.702531
ヨークマート港北店,神奈川県横浜市都筑区北山田5-17-5,35.564796,139.584302
ビアレ横浜(イオン金沢シーサイド店),神奈川県横浜市金沢区並木2-3-11,35.364595,139.638347
JR久地駅,神奈川県川崎市高津区久地722,35.610181,139.605517
ヤマダデンキYAMADAweb.com久里浜店,神奈川県横須賀市久里浜7-9-1,35.226569,139.710926
東急東横線大倉山駅,神奈川県横浜市港北区大倉山1-1-1,35.521904,139.629868
ココカラファイン逗子,神奈川県逗子市逗子1-8-6,35.295086,139.577517
JR石川町駅,神奈川県横浜市中区石川町2-72,35.438175,139.643545
大和市役所,神奈川県大和市下鶴間1-1-1,35.487532,139.458007
ヨークマート西大竹店,神奈川県秦野市尾尻875,35.362105,139.231316
ヨークマート大和中央店,神奈川県大和市中央2-6-1,35.471285,139.458702
横浜市営地下鉄上永谷駅,神奈川県横浜市港南区丸山台1-1-1,35.401495,139.572627
東急ストア中山店,神奈川県横浜市緑区中山町304-1-7,35.509851,139.543361
ファミリーマート戸塚不動坂店,神奈川県横浜市戸塚区柏尾町959,35.415518,139.544518
イトーヨーカドーエスパ川崎店(1号機),神奈川県川崎市川崎区小田栄2-2-1,35.51444,139.708849
ウエルシア厚木下荻野店,神奈川県厚木市下荻野437-1,35.480225,139.339381
マルエツさがみ野店,神奈川県海老名市東柏ケ谷5-14,35.469964,139.430125
ヨークマート厚木妻田店,神奈川県厚木市妻田北1-7-27,35.461322,139.358054
マルイファミリー溝口,神奈川県川崎市高津区溝口1-4-1,35.599045,139.613116
東急百貨店日吉店,神奈川県横浜市港北区日吉2-1-1,35.553254,139.646883
ファミリーマート相武台前駅南口店,神奈川県座間市相武台3-4742-1,35.501091,139.413165
神奈中相模大野ビル,神奈川県相模原市南区相模大野3-14-12神奈中相模大野ビル,35.532802,139.436473
イオンモール座間A,神奈川県座間市広野台2-10-4,35.5006,139.425157
ハーモス座間店,神奈川県座間市立野台1-19-1,35.481004,139.411913
マックスバリュ平塚河内店,神奈川県平塚市河内128-1,35.343497,139.310607
ヨドバシカメラマルチメディア横浜店,神奈川県横浜市西区北幸1-2-7,35.46768,139.620381
ミスターマックス湘南藤沢ショッピングセンター店,神奈川県藤沢市辻堂新町4-3-5,35.339973,139.464715
カメラのキタムラ相模原/星が丘店舗前,神奈川県相模原市中央区星が丘2-16-10,35.561207,139.373886
フジスーパー橋戸店,神奈川県横浜市瀬谷区橋戸2-36-1,35.460002,139.479894
ファミリーマート市が尾駅前店,神奈川県横浜市青葉区市ヶ尾町1063-10,35.551731,139.542441
